gene	baseMean	log2FoldChange	lfcSE	stat	pvalue	padj
ENSG00000160191	76890.01487332644	3.0700916006874204	0.15487065293980032	19.823585310774106	1.863475588145952e-87	4.26735909685423e-85
ENSG00000154734	22850.972449931003	3.4405538193255585	0.17859279852859122	19.26479593618527	1.0608273397777728e-82	1.2146473040455498e-80
ENSG00000154723	7339.878592541855	2.5804480440327433	0.16353095591905198	15.779569253603999	4.301132332216786e-56	3.283197680258813e-54
ENSG00000180509	30213.536851864636	2.9417219950366658	0.19971933024163976	14.729280292886452	4.1813513578369854e-49	2.3938236523616744e-47
ENSG00000183145	9988.561987966954	2.8894672299260917	0.2483351504948262	11.635353368899304	2.7245941862503588e-31	1.2478641373026642e-29
ENSG00000276289	11786.732869339361	2.8585064257222568	0.46402360311632135	6.1602608283822295	7.262522512230052e-10	2.7718627588344696e-8
ENSG00000277277	724.3366375060077	0.9261023497081154	0.26420622925885084	3.5052252640144412	4.562210931368372e-4	0.014924947189762247
